Metric,Definition,,,
Total Expenses,"Total athletic operating expenses, including athletic scholarship costs.
",,,
Athlete Scholarships and Cost of Living Benefits,"Includes total expenses for athletic student aid, including tuition, housing, meal plan/allowances, and food provided to athletes outside of competition travel, and academic or graduation cash awards or incentives.",,,
Institutional NIL Revenue Share,"Direct institutional payments to college athletes for use of their Name, Image, and Likeness (NIL) or additional financial benefits.",,,
Total Revenues,Total revenues for the athletics program minus “Less Transfers to the Institution.” [i],,,
"Corporate Sponsorship, Advertising, Licensing","Revenue generated by the institution from royalties, licensing, advertisements and sponsorships.
",,,
Donor Contributions,"Funds contributed from individuals, corporations, associations, foundations, clubs or other organizations external to the athletics program above the face value for tickets.
",,,
Total Academic Spending (University-Wide),"Total expenditures for the direct role and mission activities of an institution. It includes functional classifications of expenditures for instruction, research, public service, academic support, student services, institutional support, scholarships and fellowships, and operations and maintenance.
",,,
Total Football Spending,"Total football operating expenses, including the cost of athletics student aid.
",,,
Total Football Coaching Salaries,"Total compensation reported for all football coaches, including salaries, benefits and bonuses paid by the university, and contractually-guaranteed amounts paid by third parties.
",,,